patient_id,region,dice,hd95_mm,status
BraTS20_Training_001,ET,0.8522891070080307,1.7320508075688772,nonempty
BraTS20_Training_001,TC,0.9377072770401682,3.08113883008419,nonempty
BraTS20_Training_001,WT,0.920659077232194,6.4031242374328485,nonempty
BraTS20_Training_003,ET,0.8348412820119614,1.7320508075688772,nonempty
BraTS20_Training_003,TC,0.9066805302833376,1.4142135623730951,nonempty
BraTS20_Training_003,WT,0.764220197487905,7.0,nonempty
BraTS20_Training_004,ET,0.8482598607888631,2.8284271247461903,nonempty
BraTS20_Training_004,TC,0.9096625278573702,3.1622776601683795,nonempty
BraTS20_Training_004,WT,0.9339511453283909,2.449489742783178,nonempty
BraTS20_Training_009,ET,0.7095879039430774,5.0,nonempty
BraTS20_Training_009,TC,0.8557727458443541,8.06225774829855,nonempty
BraTS20_Training_009,WT,0.8933961049182204,4.123105625617661,nonempty
BraTS20_Training_020,ET,0.6358551368319113,2.8284271247461903,nonempty
BraTS20_Training_020,TC,0.8577013291634089,7.211102550927978,nonempty
BraTS20_Training_020,WT,0.9006394943395106,5.0,nonempty
BraTS20_Training_025,ET,0.8706236323851203,1.0,nonempty
BraTS20_Training_025,TC,0.9616489994519376,1.4142135623730951,nonempty
BraTS20_Training_025,WT,0.9165906068271312,7.280109889280518,nonempty
BraTS20_Training_027,ET,0.8162231464398512,1.7320508075688772,nonempty
BraTS20_Training_027,TC,0.9169981013290697,5.5939842134380635,nonempty
BraTS20_Training_027,WT,0.7280667937039444,13.416407864998739,nonempty
BraTS20_Training_046,ET,0.6082474226804123,88.77922050825029,nonempty
BraTS20_Training_046,TC,0.6494845360824743,88.79301703641578,nonempty
BraTS20_Training_046,WT,0.47801385321814926,72.57857737845904,nonempty
BraTS20_Training_047,ET,0.8219119288105525,1.7320508075688772,nonempty
BraTS20_Training_047,TC,0.944262451878243,2.0,nonempty
BraTS20_Training_047,WT,0.8807468101585748,11.489125293076057,nonempty
BraTS20_Training_051,ET,0.8672121788772598,2.0,nonempty
BraTS20_Training_051,TC,0.9432595103137965,1.4142135623730951,nonempty
BraTS20_Training_051,WT,0.9179362026347849,2.23606797749979,nonempty
BraTS20_Training_052,ET,0.8238985600687728,2.0,nonempty
BraTS20_Training_052,TC,0.9332705106307791,1.4142135623730951,nonempty
BraTS20_Training_052,WT,0.8896417328736321,3.0,nonempty
BraTS20_Training_054,ET,0.8800390752197981,2.23606797749979,nonempty
BraTS20_Training_054,TC,0.9377357224347359,2.23606797749979,nonempty
BraTS20_Training_054,WT,0.9092219681133399,3.3166247903554,nonempty
BraTS20_Training_057,ET,0.8443005323527798,1.7320508075688772,nonempty
BraTS20_Training_057,TC,0.9183733546406493,1.7320508075688772,nonempty
BraTS20_Training_057,WT,0.9247986990253984,3.1622776601683795,nonempty
BraTS20_Training_059,ET,0.6944792973651192,3.3166247903554,nonempty
BraTS20_Training_059,TC,0.8651838402178847,1.4936728736720406,nonempty
BraTS20_Training_059,WT,0.7602938090241343,5.0,nonempty
BraTS20_Training_062,ET,0.8802593854606043,2.0,nonempty
BraTS20_Training_062,TC,0.9604137119260567,1.4142135623730951,nonempty
BraTS20_Training_062,WT,0.9348197575067133,2.0,nonempty
BraTS20_Training_065,ET,0.8550771208226221,1.4142135623730951,nonempty
BraTS20_Training_065,TC,0.9279920129789093,1.0,nonempty
BraTS20_Training_065,WT,0.7159638964062712,34.96140492730738,nonempty
BraTS20_Training_078,ET,0.7660519455440765,2.0,nonempty
BraTS20_Training_078,TC,0.8658520209480328,12.866608960098118,nonempty
BraTS20_Training_078,WT,0.8143252656961686,8.703411924772109,nonempty
BraTS20_Training_081,ET,0.7688091975933758,2.0,nonempty
BraTS20_Training_081,TC,0.922847243739613,2.0,nonempty
BraTS20_Training_081,WT,0.9243828849250395,2.449489742783178,nonempty
BraTS20_Training_097,ET,0.8647177366589024,1.7320508075688772,nonempty
BraTS20_Training_097,TC,0.959623008692995,2.0,nonempty
BraTS20_Training_097,WT,0.943541710117998,2.0,nonempty
BraTS20_Training_101,ET,0.827758325262609,4.242640687119285,nonempty
BraTS20_Training_101,TC,0.8854979088956708,9.055385138137417,nonempty
BraTS20_Training_101,WT,0.9145893580104106,4.58257569495584,nonempty
BraTS20_Training_120,ET,0.8003085191082803,1.4142135623730951,nonempty
BraTS20_Training_120,TC,0.9612425301181816,1.4142135623730951,nonempty
BraTS20_Training_120,WT,0.9389789653921611,51.16248603300432,nonempty
BraTS20_Training_128,ET,0.5283434232250963,9.219544457292887,nonempty
BraTS20_Training_128,TC,0.5289855072463768,9.27091479358556,nonempty
BraTS20_Training_128,WT,0.8629592121292179,4.47213595499958,nonempty
BraTS20_Training_132,ET,0.901491877555531,3.605551275463989,nonempty
BraTS20_Training_132,TC,0.9164845643450276,6.0,nonempty
BraTS20_Training_132,WT,0.9104839260118763,9.1104335791443,nonempty
BraTS20_Training_133,ET,0.8006733151241822,2.8284271247461903,nonempty
BraTS20_Training_133,TC,0.8115194436923778,9.486832980505138,nonempty
BraTS20_Training_133,WT,0.9368453666807239,3.605551275463989,nonempty
BraTS20_Training_139,ET,0.8913091309130913,2.0,nonempty
BraTS20_Training_139,TC,0.9253120523838756,1.0,nonempty
BraTS20_Training_139,WT,0.8603063208307649,86.65448632355972,nonempty
BraTS20_Training_145,ET,0.7866181132273191,2.23606797749979,nonempty
BraTS20_Training_145,TC,0.931239322267676,2.23606797749979,nonempty
BraTS20_Training_145,WT,0.9225422867341994,3.0,nonempty
BraTS20_Training_147,ET,0.19108397226940912,24.859605789312106,nonempty
BraTS20_Training_147,TC,0.7206136090127448,10.816653826391969,nonempty
BraTS20_Training_147,WT,0.9053938405011582,7.810249675906654,nonempty
BraTS20_Training_150,ET,0.9375540279092742,2.544224088273931,nonempty
BraTS20_Training_150,TC,0.9540530230783902,1.7320508075688772,nonempty
BraTS20_Training_150,WT,0.9495305755697755,2.23606797749979,nonempty
BraTS20_Training_153,ET,0.9448967998485135,1.4142135623730951,nonempty
BraTS20_Training_153,TC,0.9599225695440207,1.0,nonempty
BraTS20_Training_153,WT,0.9429150992382952,2.23606797749979,nonempty
BraTS20_Training_157,ET,0.9125611825761861,2.23606797749979,nonempty
BraTS20_Training_157,TC,0.9322752969244333,2.23606797749979,nonempty
BraTS20_Training_157,WT,0.9121166307909334,3.0,nonempty
BraTS20_Training_165,ET,0.9094078714099988,2.0,nonempty
BraTS20_Training_165,TC,0.9366889294196376,2.0,nonempty
BraTS20_Training_165,WT,0.9469636221563281,2.0,nonempty
BraTS20_Training_182,ET,0.890803031129041,1.4142135623730951,nonempty
BraTS20_Training_182,TC,0.918794530247378,2.23606797749979,nonempty
BraTS20_Training_182,WT,0.8190835989109558,51.633322573702344,nonempty
BraTS20_Training_184,ET,0.8844684314229418,1.7320508075688772,nonempty
BraTS20_Training_184,TC,0.9171876050278954,15.264337522473747,nonempty
BraTS20_Training_184,WT,0.9172472479862603,4.123105625617661,nonempty
BraTS20_Training_192,ET,0.9044302033992756,35.84689665786984,nonempty
BraTS20_Training_192,TC,0.9574580186703773,39.609333111942846,nonempty
BraTS20_Training_192,WT,0.9433452004406432,2.0,nonempty
BraTS20_Training_193,ET,0.8680895673966813,38.48311307546545,nonempty
BraTS20_Training_193,TC,0.9332242656737749,53.71219600798314,nonempty
BraTS20_Training_193,WT,0.867384891184521,49.416596402423345,nonempty
BraTS20_Training_206,ET,0.8852799546785006,3.605551275463989,nonempty
BraTS20_Training_206,TC,0.5973749556580348,20.585171742398217,nonempty
BraTS20_Training_206,WT,0.8217354916409806,50.34778856758466,nonempty
BraTS20_Training_218,ET,0.8348869966520148,2.449489742783178,nonempty
BraTS20_Training_218,TC,0.9225643046096696,3.0,nonempty
BraTS20_Training_218,WT,0.9359034306804614,11.532562594670797,nonempty
BraTS20_Training_232,ET,0.6249749609390649,29.33425431967344,nonempty
BraTS20_Training_232,TC,0.7030845034319729,16.0,nonempty
BraTS20_Training_232,WT,0.8644090927970853,9.273618495495704,nonempty
BraTS20_Training_236,ET,0.7222181327444486,5.0990195135927845,nonempty
BraTS20_Training_236,TC,0.832395294117647,5.113589449959826,nonempty
BraTS20_Training_236,WT,0.9240406144539675,4.58257569495584,nonempty
BraTS20_Training_237,ET,0.8367193767954657,2.23606797749979,nonempty
BraTS20_Training_237,TC,0.8531189237479636,7.615773105863909,nonempty
BraTS20_Training_237,WT,0.9482186407864632,6.4031242374328485,nonempty
BraTS20_Training_242,ET,0.8097314106277248,9.055385138137417,nonempty
BraTS20_Training_242,TC,0.874262924812214,12.84523257866513,nonempty
BraTS20_Training_242,WT,0.8813329239321902,7.483314773547883,nonempty
BraTS20_Training_243,ET,0.7621535434406487,40.04247697860175,nonempty
BraTS20_Training_243,TC,0.8447189311822536,41.71929879927592,nonempty
BraTS20_Training_243,WT,0.9333232918247931,6.708203932499369,nonempty
BraTS20_Training_244,ET,0.7622851609779714,2.8284271247461903,nonempty
BraTS20_Training_244,TC,0.9351095491388045,2.449489742783178,nonempty
BraTS20_Training_244,WT,0.9510901274889176,2.0,nonempty
BraTS20_Training_248,ET,0.8727601558152477,2.0,nonempty
BraTS20_Training_248,TC,0.9518572413264915,2.0,nonempty
BraTS20_Training_248,WT,0.9465133745450344,2.23606797749979,nonempty
BraTS20_Training_249,ET,0.9430307344230623,5.385164807134504,nonempty
BraTS20_Training_249,TC,0.9281743709771796,2.0,nonempty
BraTS20_Training_249,WT,0.8822944177128179,16.06237840420901,nonempty
BraTS20_Training_251,ET,0.9318079604227569,1.4142135623730951,nonempty
BraTS20_Training_251,TC,0.9017805858701895,5.0990195135927845,nonempty
BraTS20_Training_251,WT,0.9672549538920858,1.4142135623730951,nonempty
BraTS20_Training_255,ET,0.8942575642744709,2.449489742783178,nonempty
BraTS20_Training_255,TC,0.9490388995171722,2.23606797749979,nonempty
BraTS20_Training_255,WT,0.9590581620101916,1.7320508075688772,nonempty
BraTS20_Training_261,ET,0.44104158569762925,11.224972160321824,nonempty
BraTS20_Training_261,TC,0.7826004914679281,12.36931687685298,nonempty
BraTS20_Training_261,WT,0.9492119938575931,2.8284271247461903,nonempty
BraTS20_Training_263,ET,0.0,371.4269780185602,reference_empty
BraTS20_Training_263,TC,0.6265636497424577,7.874007874011811,nonempty
BraTS20_Training_263,WT,0.857883696538865,6.0,nonempty
BraTS20_Training_266,ET,0.0,371.4269780185602,reference_empty
BraTS20_Training_266,TC,0.7176109287302764,7.615773105863909,nonempty
BraTS20_Training_266,WT,0.9427381770952709,2.0,nonempty
BraTS20_Training_267,ET,0.8327038889455955,14.866068747318506,nonempty
BraTS20_Training_267,TC,0.22232201568539398,24.554021313332665,nonempty
BraTS20_Training_267,WT,0.8764186465846415,4.242640687119285,nonempty
BraTS20_Training_270,ET,0.9475463397276227,1.4142135623730951,nonempty
BraTS20_Training_270,TC,0.9703435309710927,1.0,nonempty
BraTS20_Training_270,WT,0.9521326548255532,1.7320508075688772,nonempty
BraTS20_Training_274,ET,0.7689079451698824,6.6332495807108,nonempty
BraTS20_Training_274,TC,0.6925349278609451,14.239022737469229,nonempty
BraTS20_Training_274,WT,0.8540315666349448,25.549934880791678,nonempty
BraTS20_Training_277,ET,0.8560553633217993,2.23606797749979,nonempty
BraTS20_Training_277,TC,0.8073496659242761,2.23606797749979,nonempty
BraTS20_Training_277,WT,0.6697823145984504,114.94259404184386,nonempty
BraTS20_Training_282,ET,0.7635150678628939,7.810249675906654,nonempty
BraTS20_Training_282,TC,0.475360866464954,17.525692463962574,nonempty
BraTS20_Training_282,WT,0.9468721627276162,3.1622776601683795,nonempty
BraTS20_Training_283,ET,0.7790369724629507,4.123105625617661,nonempty
BraTS20_Training_283,TC,0.708076783773995,6.734148050218427,nonempty
BraTS20_Training_283,WT,0.9431256661176243,2.23606797749979,nonempty
BraTS20_Training_284,ET,0.48053507117132566,18.83347689365977,nonempty
BraTS20_Training_284,TC,0.8908730678911315,8.366600265340756,nonempty
BraTS20_Training_284,WT,0.9246098563466179,9.0,nonempty
BraTS20_Training_286,ET,0.0,371.4269780185602,reference_empty
BraTS20_Training_286,TC,0.7383352663038629,6.923815494093764,nonempty
BraTS20_Training_286,WT,0.8727297743533297,9.9498743710662,nonempty
BraTS20_Training_289,ET,0.0,371.4269780185602,reference_empty
BraTS20_Training_289,TC,0.6699242570126452,12.083045973594572,nonempty
BraTS20_Training_289,WT,0.9459994792916324,4.58257569495584,nonempty
BraTS20_Training_292,ET,0.28868718175780383,20.54263858417414,nonempty
BraTS20_Training_292,TC,0.8833917997603882,3.605551275463989,nonempty
BraTS20_Training_292,WT,0.9337267157100616,3.7416573867739413,nonempty
BraTS20_Training_294,ET,0.0,371.4269780185602,reference_empty
BraTS20_Training_294,TC,0.7646104583092354,7.880307480311129,nonempty
BraTS20_Training_294,WT,0.934451282474908,3.4641016151377544,nonempty
BraTS20_Training_295,ET,0.0,371.4269780185602,prediction_empty
BraTS20_Training_295,TC,0.7886620649140843,3.605551275463989,nonempty
BraTS20_Training_295,WT,0.9114967701566152,2.23606797749979,nonempty
BraTS20_Training_300,ET,0.42701525054466233,9.055385138137417,nonempty
BraTS20_Training_300,TC,0.7752559907104402,10.099504938362077,nonempty
BraTS20_Training_300,WT,0.9027453898516473,6.4031242374328485,nonempty
BraTS20_Training_303,ET,0.18381344307270234,16.024975633505118,nonempty
BraTS20_Training_303,TC,0.6574633689422155,19.4164878389476,nonempty
BraTS20_Training_303,WT,0.8226471024158886,12.449899597988733,nonempty
BraTS20_Training_306,ET,0.0,371.4269780185602,reference_empty
BraTS20_Training_306,TC,0.5921278275308273,26.40075756488817,nonempty
BraTS20_Training_306,WT,0.8740060645884701,9.695359714832659,nonempty
BraTS20_Training_313,ET,0.5863921217547001,74.08773964046006,nonempty
BraTS20_Training_313,TC,0.8495741302151003,8.0,nonempty
BraTS20_Training_313,WT,0.9469376060405174,3.605551275463989,nonempty
BraTS20_Training_319,ET,0.0,371.4269780185602,reference_empty
BraTS20_Training_319,TC,0.9208149446829091,5.0,nonempty
BraTS20_Training_319,WT,0.9462333644998645,4.242640687119285,nonempty
BraTS20_Training_323,ET,0.0,42.842727323851186,nonempty
BraTS20_Training_323,TC,0.8663620330286997,7.0710678118654755,nonempty
BraTS20_Training_323,WT,0.9205217817153797,5.196152422706632,nonempty
BraTS20_Training_326,ET,0.35194253999347047,10.954451150103322,nonempty
BraTS20_Training_326,TC,0.5948703018358743,12.68857754044952,nonempty
BraTS20_Training_326,WT,0.9039811040093966,5.882028627797766,nonempty
BraTS20_Training_329,ET,0.0,371.4269780185602,reference_empty
BraTS20_Training_329,TC,0.6770293609671848,10.295630140987,nonempty
BraTS20_Training_329,WT,0.8925658238667009,5.408179999113793,nonempty
BraTS20_Training_339,ET,0.8862439917601281,2.0,nonempty
BraTS20_Training_339,TC,0.9479404462686681,3.0,nonempty
BraTS20_Training_339,WT,0.9229229023310671,4.123105625617661,nonempty
BraTS20_Training_343,ET,0.8703329208294347,2.8284271247461903,nonempty
BraTS20_Training_343,TC,0.9280812100568268,5.0990195135927845,nonempty
BraTS20_Training_343,WT,0.9413450607121134,3.605551275463989,nonempty
BraTS20_Training_358,ET,0.9290493169344177,1.4142135623730951,nonempty
BraTS20_Training_358,TC,0.9195503190304176,3.0,nonempty
BraTS20_Training_358,WT,0.9463859123821141,1.4142135623730951,nonempty
BraTS20_Training_368,ET,0.9150734192388372,1.4142135623730951,nonempty
BraTS20_Training_368,TC,0.8839730060710285,9.486832980505138,nonempty
BraTS20_Training_368,WT,0.9475212837408558,1.7320508075688772,nonempty
